userId,username,password
1,fred0,fred0
2,fred1,fred1
3,fred2,fred2
4,fred3,fred3
5,fred4,fred4
6,fred5,fred5
7,fred6,fred6
8,fred7,fred7
9,fred8,fred8
10,fred9,fred9
11,fred10,fred10
12,fred11,fred11
13,fred12,fred12
14,fred13,fred13
15,fred14,fred14
16,fred15,fred15
17,fred16,fred16
18,fred17,fred17
19,fred18,fred18
20,fred19,fred19
21,fred20,fred20
22,fred21,fred21
23,fred22,fred22
24,fred23,fred23
25,fred24,fred24
26,fred25,fred25
27,fred26,fred26
28,fred27,fred27
29,fred28,fred28
30,fred29,fred29
31,fred30,fred30
32,fred31,fred31
33,fred32,fred32
34,fred33,fred33
35,fred34,fred34
36,fred35,fred35
37,fred36,fred36
38,fred37,fred37
39,fred38,fred38
40,fred39,fred39
41,fred40,fred40
42,fred41,fred41
43,fred42,fred42
44,fred43,fred43
45,fred44,fred44
46,fred45,fred45
47,fred46,fred46
48,fred47,fred47
49,fred48,fred48
50,fred49,fred49
51,fred50,fred50
52,fred51,fred51
53,fred52,fred52
54,fred53,fred53
55,fred54,fred54
56,fred55,fred55
57,fred56,fred56
58,fred57,fred57
59,fred58,fred58
60,fred59,fred59
61,fred60,fred60
62,fred61,fred61
63,fred62,fred62
64,fred63,fred63
65,fred64,fred64
66,fred65,fred65
67,fred66,fred66
68,fred67,fred67
69,fred68,fred68
70,fred69,fred69
71,fred70,fred70
72,fred71,fred71
73,fred72,fred72
74,fred73,fred73
75,fred74,fred74
76,fred75,fred75
77,fred76,fred76
78,fred77,fred77
79,fred78,fred78
80,fred79,fred79
81,fred80,fred80
82,fred81,fred81
83,fred82,fred82
84,fred83,fred83
85,fred84,fred84
86,fred85,fred85
87,fred86,fred86
88,fred87,fred87
89,fred88,fred88
90,fred89,fred89
91,fred90,fred90
92,fred91,fred91
93,fred92,fred92
94,fred93,fred93
95,fred94,fred94
96,fred95,fred95
97,fred96,fred96
98,fred97,fred97
99,fred98,fred98
100,fred99,fred99
101,fred100,fred100
102,fred101,fred101
103,fred102,fred102
104,fred103,fred103
105,fred104,fred104
106,fred105,fred105
107,fred106,fred106
108,fred107,fred107
109,fred108,fred108
110,fred109,fred109
111,fred110,fred110
112,fred111,fred111
113,fred112,fred112
114,fred113,fred113
115,fred114,fred114
116,fred115,fred115
117,fred116,fred116
118,fred117,fred117
119,fred118,fred118
120,fred119,fred119
121,fred120,fred120
122,fred121,fred121
123,fred122,fred122
124,fred123,fred123
125,fred124,fred124
126,fred125,fred125
127,fred126,fred126
128,fred127,fred127
129,fred128,fred128
130,fred129,fred129
131,fred130,fred130
132,fred131,fred131
133,fred132,fred132
134,fred133,fred133
135,fred134,fred134
136,fred135,fred135
137,fred136,fred136
138,fred137,fred137
139,fred138,fred138
140,fred139,fred139
141,fred140,fred140
142,fred141,fred141
143,fred142,fred142
144,fred143,fred143
145,fred144,fred144
146,fred145,fred145
147,fred146,fred146
148,fred147,fred147
149,fred148,fred148
150,fred149,fred149
151,fred150,fred150
152,fred151,fred151
153,fred152,fred152
154,fred153,fred153
155,fred154,fred154
156,fred155,fred155
157,fred156,fred156
158,fred157,fred157
159,fred158,fred158
160,fred159,fred159
161,fred160,fred160
162,fred161,fred161
163,fred162,fred162
164,fred163,fred163
165,fred164,fred164
166,fred165,fred165
167,fred166,fred166
168,fred167,fred167
169,fred168,fred168
170,fred169,fred169
171,fred170,fred170
172,fred171,fred171
173,fred172,fred172
174,fred173,fred173
175,fred174,fred174
176,fred175,fred175
177,fred176,fred176
178,fred177,fred177
179,fred178,fred178
180,fred179,fred179
181,fred180,fred180
182,fred181,fred181
183,fred182,fred182
184,fred183,fred183
185,fred184,fred184
186,fred185,fred185
187,fred186,fred186
188,fred187,fred187
189,fred188,fred188
190,fred189,fred189
191,fred190,fred190
192,fred191,fred191
193,fred192,fred192
194,fred193,fred193
195,fred194,fred194
196,fred195,fred195
197,fred196,fred196
198,fred197,fred197
199,fred198,fred198
200,fred199,fred199
201,fred200,fred200
202,fred201,fred201
203,fred202,fred202
204,fred203,fred203
205,fred204,fred204
206,fred205,fred205
207,fred206,fred206
208,fred207,fred207
209,fred208,fred208
210,fred209,fred209
211,fred210,fred210
212,fred211,fred211
213,fred212,fred212
214,fred213,fred213
215,fred214,fred214
216,fred215,fred215
217,fred216,fred216
218,fred217,fred217
219,fred218,fred218
220,fred219,fred219
221,fred220,fred220
222,fred221,fred221
223,fred222,fred222
224,fred223,fred223
225,fred224,fred224
226,fred225,fred225
227,fred226,fred226
228,fred227,fred227
229,fred228,fred228
230,fred229,fred229
231,fred230,fred230
232,fred231,fred231
233,fred232,fred232
234,fred233,fred233
235,fred234,fred234
236,fred235,fred235
237,fred236,fred236
238,fred237,fred237
239,fred238,fred238
240,fred239,fred239
241,fred240,fred240
242,fred241,fred241
243,fred242,fred242
244,fred243,fred243
245,fred244,fred244
246,fred245,fred245
247,fred246,fred246
248,fred247,fred247
249,fred248,fred248
250,fred249,fred249
251,fred250,fred250
252,fred251,fred251
253,fred252,fred252
254,fred253,fred253
255,fred254,fred254
256,fred255,fred255
257,fred256,fred256
258,fred257,fred257
259,fred258,fred258
260,fred259,fred259
261,fred260,fred260
262,fred261,fred261
263,fred262,fred262
264,fred263,fred263
265,fred264,fred264
266,fred265,fred265
267,fred266,fred266
268,fred267,fred267
269,fred268,fred268
270,fred269,fred269
271,fred270,fred270
272,fred271,fred271
273,fred272,fred272
274,fred273,fred273
275,fred274,fred274
276,fred275,fred275
277,fred276,fred276
278,fred277,fred277
279,fred278,fred278
280,fred279,fred279
281,fred280,fred280
282,fred281,fred281
283,fred282,fred282
284,fred283,fred283
285,fred284,fred284
286,fred285,fred285
287,fred286,fred286
288,fred287,fred287
289,fred288,fred288
290,fred289,fred289
291,fred290,fred290
292,fred291,fred291
293,fred292,fred292
294,fred293,fred293
295,fred294,fred294
296,fred295,fred295
297,fred296,fred296
298,fred297,fred297
299,fred298,fred298
300,fred299,fred299
301,fred300,fred300
302,fred301,fred301
303,fred302,fred302
304,fred303,fred303
305,fred304,fred304
306,fred305,fred305
307,fred306,fred306
308,fred307,fred307
309,fred308,fred308
310,fred309,fred309
311,fred310,fred310
312,fred311,fred311
313,fred312,fred312
314,fred313,fred313
315,fred314,fred314
316,fred315,fred315
317,fred316,fred316
318,fred317,fred317
319,fred318,fred318
320,fred319,fred319
321,fred320,fred320
322,fred321,fred321
323,fred322,fred322
324,fred323,fred323
325,fred324,fred324
326,fred325,fred325
327,fred326,fred326
328,fred327,fred327
329,fred328,fred328
330,fred329,fred329
331,fred330,fred330
332,fred331,fred331
333,fred332,fred332
334,fred333,fred333
335,fred334,fred334
336,fred335,fred335
337,fred336,fred336
338,fred337,fred337
339,fred338,fred338
340,fred339,fred339
341,fred340,fred340
342,fred341,fred341
343,fred342,fred342
344,fred343,fred343
345,fred344,fred344
346,fred345,fred345
347,fred346,fred346
348,fred347,fred347
349,fred348,fred348
350,fred349,fred349
351,fred350,fred350
352,fred351,fred351
353,fred352,fred352
354,fred353,fred353
355,fred354,fred354
356,fred355,fred355
357,fred356,fred356
358,fred357,fred357
359,fred358,fred358
360,fred359,fred359
361,fred360,fred360
362,fred361,fred361
363,fred362,fred362
364,fred363,fred363
365,fred364,fred364
366,fred365,fred365
367,fred366,fred366
368,fred367,fred367
369,fred368,fred368
370,fred369,fred369
371,fred370,fred370
372,fred371,fred371
373,fred372,fred372
374,fred373,fred373
375,fred374,fred374
376,fred375,fred375
377,fred376,fred376
378,fred377,fred377
379,fred378,fred378
380,fred379,fred379
381,fred380,fred380
382,fred381,fred381
383,fred382,fred382
384,fred383,fred383
385,fred384,fred384
386,fred385,fred385
387,fred386,fred386
388,fred387,fred387
389,fred388,fred388
390,fred389,fred389
391,fred390,fred390
392,fred391,fred391
393,fred392,fred392
394,fred393,fred393
395,fred394,fred394
396,fred395,fred395
397,fred396,fred396
398,fred397,fred397
399,fred398,fred398
400,fred399,fred399
401,fred400,fred400
402,fred401,fred401
403,fred402,fred402
404,fred403,fred403
405,fred404,fred404
406,fred405,fred405
407,fred406,fred406
408,fred407,fred407
409,fred408,fred408
410,fred409,fred409
411,fred410,fred410
412,fred411,fred411
413,fred412,fred412
414,fred413,fred413
415,fred414,fred414
416,fred415,fred415
417,fred416,fred416
418,fred417,fred417
419,fred418,fred418
420,fred419,fred419
421,fred420,fred420
422,fred421,fred421
423,fred422,fred422
424,fred423,fred423
425,fred424,fred424
426,fred425,fred425
427,fred426,fred426
428,fred427,fred427
429,fred428,fred428
430,fred429,fred429
431,fred430,fred430
432,fred431,fred431
433,fred432,fred432
434,fred433,fred433
435,fred434,fred434
436,fred435,fred435
437,fred436,fred436
438,fred437,fred437
439,fred438,fred438
440,fred439,fred439
441,fred440,fred440
442,fred441,fred441
443,fred442,fred442
444,fred443,fred443
445,fred444,fred444
446,fred445,fred445
447,fred446,fred446
448,fred447,fred447
449,fred448,fred448
450,fred449,fred449
451,fred450,fred450
452,fred451,fred451
453,fred452,fred452
454,fred453,fred453
455,fred454,fred454
456,fred455,fred455
457,fred456,fred456
458,fred457,fred457
459,fred458,fred458
460,fred459,fred459
461,fred460,fred460
462,fred461,fred461
463,fred462,fred462
464,fred463,fred463
465,fred464,fred464
466,fred465,fred465
467,fred466,fred466
468,fred467,fred467
469,fred468,fred468
470,fred469,fred469
471,fred470,fred470
472,fred471,fred471
473,fred472,fred472
474,fred473,fred473
475,fred474,fred474
476,fred475,fred475
477,fred476,fred476
478,fred477,fred477
479,fred478,fred478
480,fred479,fred479
481,fred480,fred480
482,fred481,fred481
483,fred482,fred482
484,fred483,fred483
485,fred484,fred484
486,fred485,fred485
487,fred486,fred486
488,fred487,fred487
489,fred488,fred488
490,fred489,fred489
491,fred490,fred490
492,fred491,fred491
493,fred492,fred492
494,fred493,fred493
495,fred494,fred494
496,fred495,fred495
497,fred496,fred496
498,fred497,fred497
499,fred498,fred498
500,fred499,fred499
501,fred500,fred500
502,fred501,fred501
503,fred502,fred502
504,fred503,fred503
505,fred504,fred504
506,fred505,fred505
507,fred506,fred506
508,fred507,fred507
509,fred508,fred508
510,fred509,fred509
511,fred510,fred510
512,fred511,fred511
513,fred512,fred512
514,fred513,fred513
515,fred514,fred514
516,fred515,fred515
517,fred516,fred516
518,fred517,fred517
519,fred518,fred518
520,fred519,fred519
521,fred520,fred520
522,fred521,fred521
523,fred522,fred522
524,fred523,fred523
525,fred524,fred524
526,fred525,fred525
527,fred526,fred526
528,fred527,fred527
529,fred528,fred528
530,fred529,fred529
531,fred530,fred530
532,fred531,fred531
533,fred532,fred532
534,fred533,fred533
535,fred534,fred534
536,fred535,fred535
537,fred536,fred536
538,fred537,fred537
539,fred538,fred538
540,fred539,fred539
541,fred540,fred540
542,fred541,fred541
543,fred542,fred542
544,fred543,fred543
545,fred544,fred544
546,fred545,fred545
547,fred546,fred546
548,fred547,fred547
549,fred548,fred548
550,fred549,fred549
551,fred550,fred550
552,fred551,fred551
553,fred552,fred552
554,fred553,fred553
555,fred554,fred554
556,fred555,fred555
557,fred556,fred556
558,fred557,fred557
559,fred558,fred558
560,fred559,fred559
561,fred560,fred560
562,fred561,fred561
563,fred562,fred562
564,fred563,fred563
565,fred564,fred564
566,fred565,fred565
567,fred566,fred566
568,fred567,fred567
569,fred568,fred568
570,fred569,fred569
571,fred570,fred570
572,fred571,fred571
573,fred572,fred572
574,fred573,fred573
575,fred574,fred574
576,fred575,fred575
577,fred576,fred576
578,fred577,fred577
579,fred578,fred578
580,fred579,fred579
581,fred580,fred580
582,fred581,fred581
583,fred582,fred582
584,fred583,fred583
585,fred584,fred584
586,fred585,fred585
587,fred586,fred586
588,fred587,fred587
589,fred588,fred588
590,fred589,fred589
591,fred590,fred590
592,fred591,fred591
593,fred592,fred592
594,fred593,fred593
595,fred594,fred594
596,fred595,fred595
597,fred596,fred596
598,fred597,fred597
599,fred598,fred598
600,fred599,fred599
601,fred600,fred600
602,fred601,fred601
603,fred602,fred602
604,fred603,fred603
605,fred604,fred604
606,fred605,fred605
607,fred606,fred606
608,fred607,fred607
609,fred608,fred608
610,fred609,fred609
611,mark1,mark1
